Workbook

Sheet Asumsi
A1: TilikKlaim — Asumsi & Sumber Data Simulasi ROI
A2: Semua sel biru = input yang dapat diubah. Semua sel hitam = formula otomatis.
A4: A. Profil Rumah Sakit (Input)
A5: No | B5: Parameter | C5: Nilai | D5: Satuan | E5: Sumber | F5: Catatan
A6: A1 | B6: Tipe rumah sakit | C6: RS Tipe C | D6: Tipe | E6: Asumsi default | F6: RS Tipe C = faskes paling umum bermitra BPJS; dapat diubah ke Tipe B/D
A7: A2 | B7: Volume klaim RITL/bulan | C7: 500 | D7: klaim/bulan | E7: Estimasi operasional RS Tipe C | F7: RS Tipe C umumnya 300–800 admisi/bulan; gunakan 500 sebagai titik tengah
A8: A3 | B8: Nilai rata-rata klaim RITL | C8: 4747547 | D8: Rp/admisi | E8: DJSN 2018 — Tabel 6.3.1 (Rata-rata Nasional) | F8: Angka resmi: Rp 4.747.547/admisi. Sumber: data.bpjs-kesehatan.go.id
A9: A4 | B9: Rejection rate awal (saat ini) | C9: 0.06 | D9: % | E9: Estimasi industri (6%) | F9: Tidak ada data nasional terpublikasi; 6% = estimasi konservatif dari literatur JKN
A11: B. Asumsi TilikKlaim (Input)
A12: No | B12: Parameter | C12: Nilai | D12: Satuan | E12: Sumber | F12: Catatan
A13: B1 | B13: Penurunan rejection (skenario konservatif) | C13: 0.4 | D13: % | E13: Asumsi TilikKlaim (konservatif) | F13: 40% = skenario konservatif; skenario lain ada di sheet "Skenario"
A14: B2 | B14: Biaya subscription TilikKlaim/bulan | C14: 3000000 | D14: Rp/bulan | E14: Penetapan harga internal TilikKlaim | F14: Harga belum final; diasumsikan Rp 3 juta/bulan untuk RS Tipe C
A15: B3 | B15: Biaya implementasi awal (one-time) | C15: 5000000 | D15: Rp | E15: Estimasi biaya onboarding | F15: Meliputi setup, training casemix officer (1–2 hari)
A16: B4 | B16: Overhead review casemix (per klaim berisiko) | C16: 150000 | D16: Rp/klaim | E16: Estimasi biaya waktu staf | F16: ≈ 30 menit × Rp 300rb/jam casemix officer; dapat disesuaikan
A18: Legenda Warna
B19: Sel Biru | C19: Input — dapat diubah sesuai kondisi faskes
B20: Sel Hitam | C20: Formula otomatis — jangan diedit
B21: Sel Hijau | C21: Tautan antar sheet

Sheet Per Faskes
A1: Simulasi ROI TilikKlaim — Per Rumah Sakit (Skenario Konservatif 40%)
A2: Angka biru = tautan dari sheet "Asumsi". Formula otomatis dihitung ulang jika asumsi berubah.
A4: ❌ KONDISI TANPA TilikKlaim (Baseline)
A5: No | B5: Komponen | C5: Nilai/Bulan | D5: Satuan | E5: Formula | G5: Catatan
A6: 1 | B6: Volume klaim RITL/bulan | C6: =Asumsi!$C$7 | E6: Dari Asumsi A2
A7: 2 | B7: Rejection rate (awal) | C7: =Asumsi!$C$9 | E7: Dari Asumsi A4
A8: 3 | B8: Klaim ditolak/bulan | C8: =C6*C7 | E8: Vol × Rejection rate
A9: 4 | B9: Nilai rata-rata klaim RITL | C9: =Asumsi!$C$8 | E9: Dari Asumsi A3 (DJSN 2018)
A10: 5 | B10: Nilai klaim terhambat/bulan | C10: =C8*C9 | E10: Klaim ditolak × Nilai rata-rata
A11: 6 | B11: Durasi keberatan (estimasi) | C11: 30–90 hari | E11: Proses banding BPJS
A12: 7 | B12: Cash flow terganggu/bulan | C12: =C10 | E12: Setara nilai terhambat
A14: ✅ KONDISI DENGAN TilikKlaim (Skenario Konservatif)
A15: No | B15: Komponen | C15: Nilai/Bulan | D15: Satuan | E15: Formula | G15: Catatan
A16: 1 | B16: Penurunan rejection rate | C16: =Asumsi!$C$13 | E16: Dari Asumsi B1 (konservatif 40%)
A17: 2 | B17: Rejection rate setelah TilikKlaim | C17: =Asumsi!$C$9*(1-Asumsi!$C$13) | E17: Asumsi A4 × (1 − B1)
A18: 3 | B18: Klaim terselamatkan/bulan | C18: =Asumsi!$C$7*Asumsi!$C$9*Asumsi!$C$13 | E18: Vol × Rej_rate × Penurunan
A19: 4 | B19: Nilai klaim terselamatkan/bulan | C19: =C18*Asumsi!$C$8 | E19: Klaim terselamatkan × Nilai rata-rata
A20: 5 | B20: Biaya subscription/bulan | C20: =Asumsi!$C$14 | E20: Dari Asumsi B2
A21: 6 | B21: Net benefit/bulan | C21: =C19-C20 | E21: Nilai terselamatkan − Biaya sub
A22: 7 | B22: ROI per bulan | C22: =C19/C20 | E22: Nilai terselamatkan ÷ Biaya sub
A23: 8 | B23: Payback period (bulan pertama) | C23: =Asumsi!$C$15/C21 | E23: Implementasi awal ÷ Net benefit
A26: 📊 RINGKASAN ROI
B27: Nilai klaim terselamatkan/bulan | C27: =C19
B28: Biaya TilikKlaim/bulan | C28: =C20
B29: Net benefit/bulan | C29: =C21
B30: ROI per bulan | C30: =C22
B31: Payback period | C31: =C23

Sheet Skenario
A1: Analisis Skenario — Penurunan Rejection Rate × Volume Klaim
A3: Asumsi tetap (dari sheet Asumsi):
A4: Volume klaim RITL/bulan | B4: =Asumsi!$C$7
A5: Nilai rata-rata klaim RITL (Rp) | B5: =Asumsi!$C$8
A6: Rejection rate awal | B6: =Asumsi!$C$9
A7: Biaya subscription TilikKlaim (Rp/bulan) | B7: =Asumsi!$C$14
A9: Metrik | B9: Konservatif (40%) | C9: Base Case (60%) | D9: Optimistis (80%) | F9: Catatan
A10: Penurunan rejection rate | B10: 0.4 | C10: 0.6 | D10: 0.8 | F10: Input skenario — dapat diubah
A11: Klaim terselamatkan/bulan | B11: =Asumsi!$C$7*Asumsi!$C$9*B10 | C11: =Asumsi!$C$7*Asumsi!$C$9*C10 | D11: =Asumsi!$C$7*Asumsi!$C$9*D10
A12: Nilai terselamatkan/bulan | B12: =Asumsi!$C$7*Asumsi!$C$9*B10*Asumsi!$C$8 | C12: =Asumsi!$C$7*Asumsi!$C$9*C10*Asumsi!$C$8 | D12: =Asumsi!$C$7*Asumsi!$C$9*D10*Asumsi!$C$8
A13: Biaya subscription/bulan | B13: =Asumsi!$C$14 | C13: =Asumsi!$C$14 | D13: =Asumsi!$C$14
A14: Net benefit/bulan | B14: =Asumsi!$C$7*Asumsi!$C$9*B10*Asumsi!$C$8-Asumsi!$C$14 | C14: =Asumsi!$C$7*Asumsi!$C$9*C10*Asumsi!$C$8-Asumsi!$C$14 | D14: =Asumsi!$C$7*Asumsi!$C$9*D10*Asumsi!$C$8-Asumsi!$C$14
A15: ROI per bulan | B15: =(Asumsi!$C$7*Asumsi!$C$9*B10*Asumsi!$C$8)/Asumsi!$C$14 | C15: =(Asumsi!$C$7*Asumsi!$C$9*C10*Asumsi!$C$8)/Asumsi!$C$14 | D15: =(Asumsi!$C$7*Asumsi!$C$9*D10*Asumsi!$C$8)/Asumsi!$C$14
A18: ⚠ Semua skenario menggunakan rejection rate awal 6% dari Asumsi. Ubah nilai di sheet Asumsi untuk mengubah baseline.

Sheet Dampak Nasional
A1: Proyeksi Dampak Nasional — Skenario Adopsi 500 Faskes
A3: Parameter | B3: Nilai | C3: Satuan | D3: Sumber | E3: Catatan
A4: Target faskes adopsi (input) | B4: 500 | C4: faskes | D4: Asumsi skenario | E4: Ubah sel ini untuk menghitung skenario adopsi lain
A5: Net benefit per faskes/bulan (konsv.) | B5: =(Asumsi!$C$7*Asumsi!$C$9*Asumsi!$C$13*Asumsi!$C$8-Asumsi!$C$14) | D5: Hitung langsung dari Asumsi | E5: Vol×Rej×Penurunan×Avg − Biaya sub (konsv 40%)
A6: Total efisiensi/bulan (semua faskes) | B6: =(Asumsi!$C$7*Asumsi!$C$9*Asumsi!$C$13*Asumsi!$C$8-Asumsi!$C$14)*B4 | D6: Hitung otomatis | E6: Net benefit × jumlah faskes
A7: Total efisiensi/tahun | B7: =(Asumsi!$C$7*Asumsi!$C$9*Asumsi!$C$13*Asumsi!$C$8-Asumsi!$C$14)*B4*12 | D7: Hitung otomatis | E7: Bulanan × 12
A8: Potensi efisiensi vs total klaim JKN | B8: =(Asumsi!$C$7*Asumsi!$C$9*Asumsi!$C$13*Asumsi!$C$8-Asumsi!$C$14)*B4*12/172590000000000 | D8: DJSN 2018 — Rp 172,59 T | E8: Proporsi dari total klaim JKN 2018
A9: Nilai klaim JKN total (referensi) | B9: 172590000000000 | D9: DJSN 2018 | E9: Rp 172,59 triliun — angka resmi
A10: Claim ratio JKN 2018 (referensi) | B10: 1.0804 | D10: DJSN 2018 (108,04%) | E10: Biaya melebihi premi yang dikumpulkan
A12: Asumsi anomali klaim nasional (input) | B12: 0.03 | C12: % | D12: ASUMSI — belum divalidasi | E12: Proporsi ilustratif dari total klaim JKN yang berpotensi anomali; parameter dapat diubah, lihat catatan
A13: Asumsi proporsi tercegah oleh TilikKlaim (input) | B13: 0.2 | C13: % | D13: ASUMSI — belum divalidasi | E13: Proporsi ilustratif dari anomali yang dapat dicegah/dikoreksi sebelum submit; skenario konservatif
A14: Potensi efisiensi sistem JKN/tahun (skenario top-down) | B14: =B9*B12*B13 | C14: Rp | D14: Hitung otomatis dari baris 9, 12, 13 | E14: Nilai klaim JKN total × asumsi anomali × asumsi tercegah — TERPISAH dari simulasi per-faskes (baris 5–8), disajikan sebagai skenario ilustratif alternatif
A17: ⚠ Kedua proyeksi (baris 5–8 dan 12–14) bersifat ilustratif dan berbasis asumsi transparan, belum divalidasi dengan data klaim nyata. Akan divalidasi di pilot Fase 1–2.
